{"clean": 0.8481012658227848, "gnoise": [0.8345530063291139, 0.7879746835443038, 0.7121242088607594, 0.5613132911392406, 0.3316851265822785], "gblur": [0.8503757911392406, 0.844442246835443, 0.8153678797468354, 0.7249802215189873, 0.544501582278481], "contrast": [0.8392009493670886, 0.7978639240506329, 0.7420886075949367, 0.6441851265822784, 0.4930775316455696], "jpg": [0.8407832278481012, 0.8286194620253164, 0.8175435126582279, 0.8020174050632911, 0.7049050632911392]}