{"clean": 0.8292128164556962, "gnoise": [0.814181170886076, 0.7760087025316456, 0.7023338607594937, 0.5724881329113924, 0.3630340189873418], "gblur": [0.830498417721519, 0.8241693037974683, 0.7969738924050633, 0.7044106012658228, 0.5306566455696202], "contrast": [0.8164556962025317, 0.7831289556962026, 0.7325949367088608, 0.6387460443037974, 0.4899129746835443], "jpg": [0.8247626582278481, 0.8150712025316456, 0.8051819620253164, 0.7917325949367089, 0.6935324367088608]}