{"clean": 0.8208069620253164, "gnoise": [0.8122033227848101, 0.7721518987341772, 0.7098496835443038, 0.5946400316455697, 0.39922863924050633], "gblur": [0.8242681962025317, 0.8154667721518988, 0.786689082278481, 0.6992681962025317, 0.5089992088607594], "contrast": [0.8075553797468354, 0.7662183544303798, 0.7132120253164557, 0.6199564873417721, 0.4858583860759494], "jpg": [0.8159612341772152, 0.8081487341772152, 0.799248417721519, 0.7847112341772152, 0.700059335443038]}