{"clean": 0.8646162974683544, "gnoise": [0.839003164556962, 0.7674050632911392, 0.6570411392405063, 0.4698378164556962, 0.23506724683544303], "gblur": [0.8633306962025317, 0.8549248417721519, 0.8275316455696202, 0.7364517405063291, 0.5584454113924051], "contrast": [0.8604628164556962, 0.8455300632911392, 0.8228837025316456, 0.7658227848101266, 0.6466574367088608], "jpg": [0.8565071202531646, 0.8391020569620253, 0.8303995253164557, 0.8045886075949367, 0.7037183544303798]}