{"clean": 0.8877571202531646, "gnoise": [0.8494857594936709, 0.7334849683544303, 0.599881329113924, 0.4200949367088608, 0.23477056962025317], "gblur": [0.8885482594936709, 0.8775712025316456, 0.8492879746835443, 0.7611748417721519, 0.5625], "contrast": [0.8823180379746836, 0.8636273734177216, 0.8378164556962026, 0.7837223101265823, 0.6687104430379747], "jpg": [0.8774723101265823, 0.8528481012658228, 0.8370253164556962, 0.8132911392405063, 0.6770174050632911]}