{"model": "gnn", "unpermuted_test_loss": 0.0014145728282807567, "permuted_test_loss": 0.0014145724529663296, "val_losses": [0.33075859539116487, 0.24354338561055028, 0.14579022609734837, 0.0760729019589062, 0.040767864736763734, 0.018912889263769495, 0.007316400980741917, 0.0066612105627980416, 0.001685072115292372, 0.001300607906666266], "train_losses": [0.38406666917738325, 0.28049211550346564, 0.18530338352949152, 0.10235538988561392, 0.05199512953794873, 0.02489305743721055, 0.011874339719471091, 0.005574638109383497, 0.0027254818823598754, 0.0014983800641724914]}