{"model": "mlp", "unpermuted_test_loss": 0.000407356830100701, "permuted_test_loss": 2.7280328127504125, "val_losses": [0.008496596837487025, 0.004383089915330557, 0.0011314072902609087, 0.0010918584251422671, 0.0009246955071634884, 0.00041725265198900023, 0.0005531605051998403, 0.0006455100772171458, 0.000308013231385959, 0.0002879134913143124], "train_losses": [0.05283950712427762, 0.004240386037554869, 0.0017912902637273337, 0.0008355763201298766, 0.0007409296738891296, 0.0005843729717183632, 0.000347350128870924, 0.000202665171809771, 0.00013479007567264805, 0.00013206422667043442]}